ID,Category,Latitude,Longitude
SLD_10001,Background,9.800553,76.717481
SLD_10002,Background,14.616034,74.724189
SLD_10003,Background,9.593491,77.322193
SLD_10004,Background,15.435747,74.545445
SLD_10005,Background,13.848346,75.048794
SLD_10006,Background,12.745033,74.872387
SLD_10007,Background,9.291364,76.435034
SLD_10008,Background,15.199566,74.094003
SLD_10009,Background,13.84942,74.830131
SLD_10010,Background,18.306866,73.701592
SLD_10011,Background,12.086515,76.787232
SLD_10012,Background,13.466719,75.870811
SLD_10013,Background,15.12217,74.400055
SLD_10014,Background,11.94673,75.39727
SLD_10015,Background,14.552074,74.378576
SLD_10016,Background,14.709854,74.57476
SLD_10017,Background,17.47083,74.003489
SLD_10018,Background,10.949643,77.140387
SLD_10019,Background,10.159522,76.971011
SLD_10020,Background,13.426512,75.893814
SLD_10021,Background,10.673683,76.655496
SLD_10022,Background,16.501082,73.884276
SLD_10023,Background,18.241009,73.509506
SLD_10024,Background,14.645861,75.003001
SLD_10025,Background,11.045082,77.420598
SLD_10026,Background,13.965056,75.516212
SLD_10027,Background,18.505029,73.697747
SLD_10028,Background,9.683672,76.834094
SLD_10029,Background,15.435353,74.484304
SLD_10030,Background,11.966058,76.390628
SLD_10031,Background,14.576263,75.27736
SLD_10032,Background,14.496751,74.626081
SLD_10033,Background,14.489842,75.406736
SLD_10034,Background,11.692339,75.748526
SLD_10035,Background,10.095996,77.917732
SLD_10036,Background,10.421246,77.448637
SLD_10037,Background,17.479359,73.691395
SLD_10038,Background,11.159894,76.69897
SLD_10039,Background,14.727833,74.530307
SLD_10040,Background,12.329206,76.366715
SLD_10041,Background,13.755392,75.161575
SLD_10042,Background,14.174476,74.692662
SLD_10043,Background,9.263701,77.312676
SLD_10044,Background,15.295495,74.518914
SLD_10045,Background,13.701681,75.424267
SLD_10046,Background,13.39007,75.026292
SLD_10047,Background,13.54273,75.812347
SLD_10048,Background,11.50406,76.741313
SLD_10049,Background,12.781031,74.950109
SLD_10050,Background,15.885615,74.496948
SLD_10051,Background,11.513585,76.451313
SLD_10052,Background,10.761583,76.872982
SLD_10053,Background,8.874658,77.452545
SLD_10054,Background,9.593457,77.105886
SLD_10055,Background,11.653263,76.053334
SLD_10056,Background,15.541527,74.819082
SLD_10057,Background,18.212149,73.869533
SLD_10058,Background,14.002259,75.304259
SLD_10059,Background,12.635477,74.986978
SLD_10060,Background,10.031831,76.401155
SLD_10061,Background,17.356017,74.157145
SLD_10062,Background,16.32926,74.189765
SLD_10063,Background,11.132645,76.426871
SLD_10064,Background,9.861527,77.846798
SLD_10065,Background,18.108638,73.114616
SLD_10066,Background,13.188546,75.685992
SLD_10067,Background,15.402314,74.776676
SLD_10068,Background,18.361483,74.090407
SLD_10069,Background,9.679104,77.306516
SLD_10070,Background,13.103504,75.12023
SLD_10071,Background,11.161326,76.868659
SLD_10072,Background,10.078425,76.914739
SLD_10073,Background,15.061273,74.766692
SLD_10074,Background,19.09677,74.0418
SLD_10075,Background,14.849344,74.414916
SLD_10076,Background,10.721042,77.078702
SLD_10077,Background,14.879691,74.235722
SLD_10078,Background,17.962237,73.055059
SLD_10079,Background,9.407871,77.120195
SLD_10080,Background,9.444542,77.097108
SLD_10081,Background,18.863895,73.103118
SLD_10082,Background,17.112598,73.87234
SLD_10083,Background,14.057599,74.778584
SLD_10084,Background,9.830004,77.759023
SLD_10085,Background,10.661055,76.709615
SLD_10086,Background,11.806935,75.732562
SLD_10087,Background,13.971952,75.189703
SLD_10088,Background,14.153371,75.019863
SLD_10089,Background,14.568704,75.360415
SLD_10090,Background,11.612927,76.18977
SLD_10091,Background,15.276267,74.154389
SLD_10092,Background,10.127348,77.577855
SLD_10093,Background,17.454004,74.057046
SLD_10094,Background,9.264349,77.258612
SLD_10095,Background,9.232867,77.235786
SLD_10096,Background,14.403331,75.265024
SLD_10097,Background,14.948438,74.262574
SLD_10098,Background,10.124083,77.656757
SLD_10099,Background,8.335009,77.269093
SLD_10100,Background,11.230053,76.895512
SLD_10101,Background,18.517117,73.723169
SLD_10102,Background,8.763963,77.52012
SLD_10103,Background,13.099391,76.152363
SLD_10104,Background,10.534651,76.832503
SLD_10105,Background,16.235535,74.702805
SLD_10106,Background,12.162222,76.70059
SLD_10107,Background,9.129733,76.818233
SLD_10108,Background,17.494803,74.177915
SLD_10109,Background,13.954011,75.638378
SLD_10110,Background,8.628464,77.129461
SLD_10111,Background,14.083385,75.755277
SLD_10112,Background,17.210071,73.613821
SLD_10113,Background,14.635626,74.496087
SLD_10114,Background,10.633138,76.892877
SLD_10115,Background,9.286056,76.524426
SLD_10116,Background,9.416308,76.818111
SLD_10117,Background,14.877709,74.429071
SLD_10118,Background,16.616892,73.398356
SLD_10119,Background,11.042088,76.715153
SLD_10120,Background,10.386809,77.787397
SLD_10121,Background,13.812766,75.491419
SLD_10122,Background,8.92834,77.334133
SLD_10123,Background,14.852198,75.014619
SLD_10124,Background,8.634402,77.201467
SLD_10125,Background,10.089541,76.804743
SLD_10126,Background,15.062947,74.667268
SLD_10127,Background,17.723612,73.827415
SLD_10128,Background,10.234427,76.461716
SLD_10129,Background,14.37799,74.944079
SLD_10130,Background,10.305853,77.149724
SLD_10131,Background,16.008446,73.855245
SLD_10132,Background,10.593073,77.100492
SLD_10133,Background,13.842743,74.890924
SLD_10134,Background,14.609351,75.017594
SLD_10135,Background,15.956432,73.739991
SLD_10136,Background,8.933731,77.363775
SLD_10137,Background,13.626322,74.953046
SLD_10138,Background,9.386902,77.319223
SLD_10139,Background,15.156384,74.691709
SLD_10140,Background,11.566539,75.702071
SLD_10141,Background,12.379183,76.196839
SLD_10142,Background,14.996994,74.18757
SLD_10143,Background,13.910022,74.992009
SLD_10144,Background,17.767286,73.244039
SLD_10145,Background,11.784341,76.521621
SLD_10146,Background,10.331267,77.259888
SLD_10147,Background,12.728941,75.99967
SLD_10148,Background,18.462393,73.446938
SLD_10149,Background,11.319578,77.084683
SLD_10150,Background,10.934701,77.618489
SLD_10151,Background,14.792121,75.154605
SLD_10152,Background,18.098554,73.585684
SLD_10153,Background,9.595106,77.539884
SLD_10154,Background,10.438211,77.580918
SLD_10155,Background,11.113545,75.984452
SLD_10156,Background,13.349942,75.341911
SLD_10157,Background,13.16781,75.665699
SLD_10158,Background,9.690927,76.457652
SLD_10159,Background,14.150319,75.56784
SLD_10160,Background,10.212247,76.318463
SLD_10161,Background,14.674091,74.983474
SLD_10162,Background,9.232542,76.616076
SLD_10163,Background,9.356876,77.600972
SLD_10164,Background,9.370353,77.355571
SLD_10165,Background,11.943025,76.40373
SLD_10166,Background,17.965673,73.295835
SLD_10167,Background,12.814173,74.900787
SLD_10168,Background,9.504302,76.4169
SLD_10169,Background,9.723882,77.333645
SLD_10170,Background,11.418986,76.409697
SLD_10171,Background,9.902666,77.508037
SLD_10172,Background,10.899114,76.66998
SLD_10173,Background,17.175585,74.170149
SLD_10174,Background,16.498396,74.187376
SLD_10175,Background,13.683029,74.698549
SLD_10176,Background,15.120899,74.111906
SLD_10177,Background,11.808311,76.233339
SLD_10178,Background,16.203232,73.843223
SLD_10179,Background,12.977788,75.232116
SLD_10180,Background,8.594485,77.206105
SLD_10181,Background,14.430722,75.392507
SLD_10182,Background,9.159918,77.01536
SLD_10183,Background,11.915631,76.116514
SLD_10184,Background,8.840426,77.594739
SLD_10185,Background,10.59562,77.413319
SLD_10186,Background,9.972506,76.794719
SLD_10187,Background,11.262256,76.074902
SLD_10188,Background,15.209257,74.364941
SLD_10189,Background,18.127128,73.808535
SLD_10190,Background,10.133457,77.780639
SLD_10191,Background,17.872951,73.934704
SLD_10192,Background,17.272957,73.307538
SLD_10193,Background,15.312832,74.664748
SLD_10194,Background,9.999791,77.346227
SLD_10195,Background,11.441375,76.999592
SLD_10196,Background,18.918087,73.565071
SLD_10197,Background,10.498279,77.603723
SLD_10198,Background,11.782698,76.241541
SLD_10199,Background,18.939552,73.555971
SLD_10200,Background,16.701094,74.198875
SLD_10201,Background,16.149798,74.475965
SLD_10202,Background,19.158528,74.053841
SLD_10203,Background,16.671782,73.994429
SLD_10204,Background,10.251336,76.153272
SLD_10205,Background,15.564399,74.477599
SLD_10206,Background,12.38751,76.19514
SLD_10207,Background,11.535814,76.874864
SLD_10208,Background,17.902165,73.833923
SLD_10209,Background,15.168907,74.907587
SLD_10210,Background,13.143875,75.959306
SLD_10211,Background,10.175171,76.736027
SLD_10212,Background,18.578891,73.04747
SLD_10213,Background,12.45066,76.136188
SLD_10214,Background,11.332672,76.613078
SLD_10215,Background,12.63763,76.171914
SLD_10216,Background,16.40491,73.559284
SLD_10217,Background,8.625624,77.565598
SLD_10218,Background,11.872126,76.167323
SLD_10219,Background,18.668695,73.373691
SLD_10220,Background,14.116537,75.059495
SLD_10221,Background,13.008335,76.14051
SLD_10222,Background,14.038625,75.249393
SLD_10223,Background,14.184288,75.590209
SLD_10224,Background,13.707099,75.783496
SLD_10225,Background,11.843647,76.523762
SLD_10226,Background,9.45451,77.630399
SLD_10227,Background,9.486853,76.524721
SLD_10228,Background,9.417475,76.756962
SLD_10229,Background,11.561627,76.552924
SLD_10230,Background,12.448791,76.422204
SLD_10231,Background,14.959078,75.191235
SLD_10232,Background,14.033521,75.614098
SLD_10233,Background,11.663483,76.195158
SLD_10234,Background,18.717884,73.838287
SLD_10235,Background,18.868658,73.735906
SLD_10236,Background,17.272184,73.765084
SLD_10237,Background,13.169899,75.548616
SLD_10238,Background,9.854308,76.632687
SLD_10239,Background,9.860249,77.335598
SLD_10240,Background,11.380995,75.966446
SLD_10241,Background,14.210017,75.553425
SLD_10242,Background,13.988789,75.346707
SLD_10243,Background,10.884314,76.657132
SLD_10244,Background,12.584401,75.207365
SLD_10245,Background,8.942729,77.744594
SLD_10246,Background,9.685378,77.345347
SLD_10247,Background,8.672888,77.590449
SLD_10248,Background,11.137827,77.382527
SLD_10249,Background,13.830961,75.5697
SLD_10250,Background,16.492238,74.458419
SLD_10251,Background,15.003563,74.240603
SLD_10252,Background,14.831658,75.161514
SLD_10253,Background,10.402174,76.760583
SLD_10254,Background,18.49144,74.091271
SLD_10255,Background,11.356449,77.011282
SLD_10256,Background,10.246184,77.391134
SLD_10257,Background,13.436528,75.686806
SLD_10258,Background,9.238162,76.747947
SLD_10259,Background,9.178444,76.828854
SLD_10260,Background,9.350317,77.159895
SLD_10261,Background,14.920941,75.301741
SLD_10262,Background,17.046608,73.419618
SLD_10263,Background,11.358337,77.045628
SLD_10264,Background,12.41076,76.299461
SLD_10265,Background,17.078898,74.189132
SLD_10266,Background,9.521941,77.496239
SLD_10267,Background,13.861,75.285376
SLD_10268,Background,9.625757,77.182325
SLD_10269,Background,12.486983,75.083326
SLD_10270,Background,14.172844,74.998869
SLD_10271,Background,11.879716,75.72384
SLD_10272,Background,13.018378,74.857548
SLD_10273,Background,16.456498,74.537691
SLD_10274,Background,11.901069,75.984756
SLD_10275,Background,18.853859,73.675741
SLD_10276,Background,17.643829,74.083655
SLD_10277,Background,12.568539,75.25802
SLD_10278,Background,16.875129,74.037211
SLD_10279,Background,15.58893,74.96597
SLD_10280,Background,18.016973,73.24935
SLD_10281,Background,10.466906,77.039982
SLD_10282,Background,17.938288,73.695523
SLD_10283,Background,18.798088,73.126974
SLD_10284,Background,18.588537,73.019316
SLD_10285,Background,15.408615,74.60516
SLD_10286,Background,14.043742,74.976823
SLD_10287,Background,15.506472,74.786777
SLD_10288,Background,14.582244,75.233248
SLD_10289,Background,13.003137,75.170037
SLD_10290,Background,14.066126,74.949174
SLD_10291,Background,17.645532,73.302395
SLD_10292,Background,14.458743,75.502782
SLD_10293,Background,18.445018,73.90157
SLD_10294,Background,9.783199,76.916796
SLD_10295,Background,14.180373,75.319928
SLD_10296,Background,15.526663,75.027221
SLD_10297,Background,9.73744,76.719709
SLD_10298,Background,17.098866,74.272006
SLD_10299,Background,16.979372,73.499271
SLD_10300,Background,10.942294,76.794656
SLD_10301,Background,11.817294,76.928276
SLD_10302,Background,9.254758,77.765983
SLD_10303,Background,10.003097,76.479107
SLD_10304,Background,13.000914,75.038949
SLD_10305,Background,10.961409,75.929251
SLD_10306,Background,11.183872,76.535125
SLD_10307,Background,14.789429,74.58483
SLD_10308,Background,14.284896,75.254997
SLD_10309,Background,15.061222,74.598892
SLD_10310,Background,10.348818,77.320264
SLD_10311,Background,8.989352,77.227733
SLD_10312,Background,16.197763,74.60263
SLD_10313,Background,16.9952,73.341534
SLD_10314,Background,10.171717,76.968469
SLD_10315,Background,15.57354,74.422686
SLD_10316,Background,10.46789,77.725262
SLD_10317,Background,17.616122,73.600518
SLD_10318,Background,10.197063,77.009586
SLD_10319,Background,9.744808,76.709383
SLD_10320,Background,13.483238,75.253354
SLD_10321,Background,9.220381,77.049066
SLD_10322,Background,13.02661,75.476659
SLD_10323,Background,14.421934,75.403868
SLD_10324,Background,8.810119,77.079332
SLD_10325,Background,15.004826,75.148655
SLD_10326,Background,10.627699,76.498973
SLD_10327,Background,15.021806,74.701627
SLD_10328,Background,9.47491,76.729513
SLD_10329,Background,18.568292,73.567871
SLD_10330,Background,17.20708,73.757136
SLD_10331,Background,17.861646,73.907979
SLD_10332,Background,10.427517,77.744285
SLD_10333,Background,11.550032,76.479299
SLD_10334,Background,14.92707,74.823414
SLD_10335,Background,12.206717,76.644289
SLD_10336,Background,13.492209,75.185312
SLD_10337,Background,12.96572,75.204428
SLD_10338,Background,13.830727,75.544413
SLD_10339,Background,13.630366,74.967859
SLD_10340,Background,17.040033,74.218197
SLD_10341,Background,18.389045,73.558931
SLD_10342,Background,10.843309,76.928529
SLD_10343,Background,14.691996,75.342833
SLD_10344,Background,13.030567,75.730582
SLD_10345,Background,17.272017,73.76581
SLD_10346,Background,13.795628,74.980043
SLD_10347,Background,14.990992,74.936073
SLD_10348,Background,13.199278,75.699945
SLD_10349,Background,18.040877,73.050227
SLD_10350,Background,16.085693,74.67332
SLD_10351,Background,15.814505,74.416791
SLD_10352,Background,10.147259,77.689891
SLD_10353,Background,9.768485,77.119058
SLD_10354,Background,15.708445,73.916171
SLD_10355,Background,12.519365,76.052673
SLD_10356,Background,14.324859,74.876476
SLD_10357,Background,13.766834,74.778718
SLD_10358,Background,14.656763,75.177912
SLD_10359,Background,10.5689,76.890357
SLD_10360,Background,18.2017,73.172541
SLD_10361,Background,10.698054,77.643776
SLD_10362,Background,16.625685,73.586668
SLD_10363,Background,10.680709,76.83367
SLD_10364,Background,15.099229,73.933015
SLD_10365,Background,8.899366,77.241094
SLD_10366,Background,15.625659,74.044288
SLD_10367,Background,11.765792,76.144746
SLD_10368,Background,10.272546,76.787081
SLD_10369,Background,16.395762,74.152236
SLD_10370,Background,9.777837,76.938664
SLD_10371,Background,9.241375,76.697752
SLD_10372,Background,10.026273,76.477211
SLD_10373,Background,16.941364,73.771246
SLD_10374,Background,15.792765,73.68619
SLD_10375,Background,16.469527,73.342423
SLD_10376,Background,10.039981,76.308765
SLD_10377,Background,10.575216,76.009235
SLD_10378,Background,18.920265,73.90584
SLD_10379,Background,11.33556,76.983821
SLD_10380,Background,15.186604,74.083241
SLD_10381,Background,12.576813,76.100575
SLD_10382,Background,17.771336,73.123681
SLD_10383,Background,11.587436,75.94361
SLD_10384,Background,18.370144,74.006365
SLD_10385,Background,11.586965,76.003179
SLD_10386,Background,17.308712,73.88966
SLD_10387,Background,14.451799,75.62742
SLD_10388,Background,16.846548,73.664423
SLD_10389,Background,15.675643,75.003456
SLD_10390,Background,17.002253,73.645418
SLD_10391,Background,18.905337,73.307424
SLD_10392,Background,14.859445,75.271592
SLD_10393,Background,8.512858,77.4354
SLD_10394,Background,10.982156,76.975472
SLD_10395,Background,10.566677,77.322068
SLD_10396,Background,16.133324,74.231972
SLD_10397,Background,9.780789,77.442746
SLD_10398,Background,16.627441,73.450043
SLD_10399,Background,13.260073,75.232406
SLD_10400,Background,15.128692,74.319689
SLD_10401,Background,14.791292,74.800534
SLD_10402,Background,16.467707,73.56465
SLD_10403,Background,8.795543,77.686977
SLD_10404,Background,9.744079,76.914291
SLD_10405,Background,12.676591,75.02452
SLD_10406,Background,9.141276,77.083439
SLD_10407,Background,15.53618,74.839927
SLD_10408,Background,10.829056,77.348248
SLD_10409,Background,11.112362,76.531049
SLD_10410,Background,11.15516,76.888712
SLD_10411,Background,15.999638,74.614832
SLD_10412,Background,14.74396,74.424267
SLD_10413,Background,16.524328,74.182822
SLD_10414,Background,10.932699,77.482735
SLD_10415,Background,9.652102,77.570939
SLD_10416,Background,9.012534,77.696682
SLD_10417,Background,9.757096,77.032024
SLD_10418,Background,18.897534,73.74023
SLD_10419,Background,14.050563,75.514377
SLD_10420,Background,18.520094,73.381101
SLD_10421,Background,11.318703,77.067423
SLD_10422,Background,11.508074,75.944883
SLD_10423,Background,12.019232,76.278406
SLD_10424,Background,16.033152,74.374346
SLD_10425,Background,14.625102,74.494354
SLD_10426,Background,15.048226,74.74278
SLD_10427,Background,16.301988,73.651402
SLD_10428,Background,11.806037,75.743458
SLD_10429,Background,11.195342,76.679913
SLD_10430,Background,16.89146,73.361304
SLD_10431,Background,13.07757,75.432566
SLD_10432,Background,18.326497,73.920953
SLD_10433,Background,13.093475,75.899673
SLD_10434,Background,8.422287,77.278134
SLD_10435,Background,11.579172,75.966687
SLD_10436,Background,9.774255,77.715913
SLD_10437,Background,10.745311,76.685827
SLD_10438,Background,12.873928,75.811037
SLD_10439,Background,13.57133,75.60919
SLD_10440,Background,13.039463,75.299517
SLD_10441,Background,18.468492,73.925123
SLD_10442,Background,10.191839,76.331703
SLD_10443,Background,15.885525,73.930791
SLD_10444,Background,14.303099,74.902193
SLD_10445,Background,8.906879,76.677907
SLD_10446,Background,15.647765,73.887137
SLD_10447,Background,14.858613,74.382488
SLD_10448,Background,15.860565,74.908192
SLD_10449,Background,10.167019,76.63084
SLD_10450,Background,12.414203,76.031472
SLD_10451,Background,11.944498,76.578896
SLD_10452,Background,16.059829,73.502093
SLD_10453,Background,10.468359,77.355019
SLD_10454,Background,15.133829,74.073205
SLD_10455,Background,18.189002,72.996383
SLD_10456,Background,14.419426,74.592399
SLD_10457,Background,15.291511,73.975109
SLD_10458,Background,11.070669,76.314988
SLD_10459,Background,10.245045,76.795756
SLD_10460,Background,13.831719,75.823765
SLD_10461,Background,10.457751,77.471404
SLD_10462,Background,12.175811,76.074453
SLD_10463,Background,8.969348,76.870398
SLD_10464,Background,9.835125,77.368585
SLD_10465,Background,12.594936,76.003897
SLD_10466,Background,17.216706,73.329588
SLD_10467,Background,10.564519,76.483636
SLD_10468,Background,15.583094,74.367833
SLD_10469,Background,10.196679,76.27682
SLD_10470,Background,10.782536,76.685532
SLD_10471,Background,12.510587,76.220164
SLD_10472,Background,9.211012,77.582079
SLD_10473,Background,17.989831,73.690593
SLD_10474,Background,10.222604,76.387608
SLD_10475,Background,10.886552,76.71694
SLD_10476,Background,10.368003,76.861163
SLD_10477,Background,16.107918,74.350183
SLD_10478,Background,14.639151,74.307055
SLD_10479,Background,13.155591,75.171533
SLD_10480,Background,14.22894,75.361796
SLD_10481,Background,14.023605,75.286215
SLD_10482,Background,11.06271,77.390226
SLD_10483,Background,15.877661,74.823394
SLD_10484,Background,11.805056,76.512271
SLD_10485,Background,12.693495,75.021776
SLD_10486,Background,9.746416,77.064714
SLD_10487,Background,16.571233,73.833908
SLD_10488,Background,13.030538,75.28959
SLD_10489,Background,15.242589,74.969906
SLD_10490,Background,14.272967,75.475527
SLD_10491,Background,11.784259,75.936581
SLD_10492,Background,9.411041,77.336179
SLD_10493,Background,9.322247,77.632449
SLD_10494,Background,8.880748,77.332045
SLD_10495,Background,18.89406,73.275153
SLD_10496,Background,11.043285,76.18242
SLD_10497,Background,10.723384,77.058532
SLD_10498,Background,15.335658,74.571308
SLD_10499,Background,12.200729,76.328666
SLD_10500,Background,18.041831,73.081361
SLD_10501,Background,11.004956,77.142257
SLD_10502,Background,9.973929,77.670436
SLD_10503,Background,15.561714,74.190935
SLD_10504,Background,11.208555,77.016293
SLD_10505,Background,17.899824,73.9294
SLD_10506,Background,13.22138,76.011061
SLD_10507,Background,9.493952,77.050397
SLD_10508,Background,16.656274,73.669234
SLD_10509,Background,17.290005,73.213414
SLD_10510,Background,8.893677,77.457887
SLD_10511,Background,18.758481,74.015538
SLD_10512,Background,17.147044,73.889365
SLD_10513,Background,15.527988,74.264368
SLD_10514,Background,16.896834,73.45373
SLD_10515,Background,10.673695,76.020662
SLD_10516,Background,15.841364,74.606576
SLD_10517,Background,10.864665,76.937766
SLD_10518,Background,11.871866,76.422397
SLD_10519,Background,9.300153,77.332576
SLD_10520,Background,18.246882,73.203069
SLD_10521,Background,16.539324,74.162686
SLD_10522,Background,18.355238,73.367868
SLD_10523,Background,12.921215,75.893366
SLD_10524,Background,11.307759,75.790464
SLD_10525,Background,8.958431,76.669926
SLD_10526,Background,18.689938,73.336093
SLD_10527,Background,9.45936,77.7554
SLD_10528,Background,13.165069,75.538308
SLD_10529,Background,18.053574,73.894313
SLD_10530,Background,9.407651,76.368483
SLD_10531,Background,17.465784,73.744512
SLD_10532,Background,12.185303,76.133093
SLD_10533,Background,14.195789,75.372952
SLD_10534,Background,16.524541,74.154815
SLD_10535,Background,17.686345,74.013634
SLD_10536,Background,17.521579,73.793041
SLD_10537,Background,14.409142,74.520427
SLD_10538,Background,8.342656,77.452704
SLD_10539,Background,11.072329,76.792549
SLD_10540,Background,15.24584,74.994604
SLD_10541,Background,13.255569,75.3126
SLD_10542,Background,11.338124,77.25023
SLD_10543,Background,12.565064,76.387836
SLD_10544,Background,15.349184,74.396095
SLD_10545,Background,18.923234,73.594736
SLD_10546,Background,10.223454,76.399218
SLD_10547,Background,14.440335,75.545792
SLD_10548,Background,13.402856,74.825479
SLD_10549,Background,18.422855,72.950792
SLD_10550,Background,16.388697,74.553131
SLD_10551,Background,17.763877,73.921562
SLD_10552,Background,9.387776,77.674775
SLD_10553,Background,11.236424,76.5175
SLD_10554,Background,17.742977,73.282032
SLD_10555,Background,18.531252,73.838635
SLD_10556,Background,17.892248,74.088333
SLD_10557,Background,18.493151,73.38419
SLD_10558,Background,16.747183,74.145749
SLD_10559,Background,8.848054,76.639194
SLD_10560,Background,9.449986,76.622122
SLD_10561,Background,11.774365,75.881564
SLD_10562,Background,9.771333,76.924121
SLD_10563,Background,16.916064,74.2315
SLD_10564,Background,16.731107,74.122434
SLD_10565,Background,17.630816,73.767056
SLD_10566,Background,16.661627,74.342013
SLD_10567,Background,15.881483,74.085298
SLD_10568,Background,12.224186,76.08512
SLD_10569,Background,14.362084,75.401231
SLD_10570,Background,11.057158,76.240406
SLD_10571,Background,14.639409,75.065851
SLD_10572,Background,12.890869,75.058795
SLD_10573,Background,10.265964,77.209019
SLD_10574,Background,12.928388,75.641795
SLD_10575,Background,10.706972,77.349428
SLD_10576,Background,15.920038,74.54784
SLD_10577,Background,12.466066,75.183715
SLD_10578,Background,18.18592,73.72575
SLD_10579,Background,13.152567,76.004986
SLD_10580,Background,9.055648,77.388362
SLD_10581,Background,10.747636,77.754012
SLD_10582,Background,10.22754,76.237082
SLD_10583,Background,8.403154,77.149878
SLD_10584,Background,17.892958,73.202673
SLD_10585,Background,12.67278,76.202052
SLD_10586,Background,11.422757,76.974168
SLD_10587,Background,14.430462,75.23801
SLD_10588,Background,11.227708,76.295152
SLD_10589,Background,13.103857,75.391386
SLD_10590,Background,15.711028,74.201072
SLD_10591,Background,14.743215,75.00581
SLD_10592,Background,16.665965,73.632038
SLD_10593,Background,14.240151,74.943193
SLD_10594,Background,10.909247,77.444504
SLD_10595,Background,15.553502,74.940705
SLD_10596,Background,13.090839,76.087254
SLD_10597,Background,14.029274,75.392521
SLD_10598,Background,13.388337,75.568304
SLD_10599,Background,18.331721,73.843143
SLD_10600,Background,14.608513,74.713799
SLD_10601,Background,12.273643,76.159348
SLD_10602,Background,12.253618,76.141245
SLD_10603,Background,9.140007,77.241902
SLD_10604,Background,18.728808,73.253787
SLD_10605,Background,11.923422,75.738383
SLD_10606,Background,15.188686,74.813501
SLD_10607,Background,12.82116,75.947833
SLD_10608,Background,10.941839,76.47754
SLD_10609,Background,10.752367,76.706649
SLD_10610,Background,15.058598,73.983044
SLD_10611,Background,16.278318,73.680365
SLD_10612,Background,8.947941,77.546877
SLD_10613,Background,13.267278,74.764005
SLD_10614,Background,10.488565,76.762082
SLD_10615,Background,16.85301,73.868716
SLD_10616,Background,13.854673,75.265502
SLD_10617,Background,11.162095,77.375732
SLD_10618,Background,9.751948,76.842487
SLD_10619,Background,17.328492,73.935842
SLD_10620,Background,10.433965,77.811012
SLD_10621,Background,12.081354,76.005515
SLD_10622,Background,13.818594,75.18461
SLD_10623,Background,11.383531,76.244658
SLD_10624,Background,17.796269,73.486174
SLD_10625,Background,13.126623,75.109223
SLD_10626,Background,15.063936,74.267759
SLD_10627,Background,12.933086,75.639565
SLD_10628,Background,16.757744,73.405959
SLD_10629,Background,11.271985,76.756141
SLD_10630,Background,13.542693,75.306957
SLD_10631,Background,8.912142,77.443781
SLD_10632,Background,15.45436,74.318478
SLD_10633,Background,17.189417,73.659241
SLD_10634,Background,13.335356,74.922386
SLD_10635,Background,9.659123,77.885441
SLD_10636,Background,15.476977,74.575921
SLD_10637,Background,16.767472,73.993981
SLD_10638,Background,12.409525,76.01779
SLD_10639,Background,11.531207,77.153264
SLD_10640,Background,18.513437,73.901706
SLD_10641,Background,13.423504,75.55142
SLD_10642,Background,14.356303,74.655274
SLD_10643,Background,10.825186,76.528262
SLD_10644,Background,16.923176,73.585579
SLD_10645,Background,10.886242,76.919067
SLD_10646,Background,15.631034,74.318702
SLD_10647,Background,9.545123,77.167256
SLD_10648,Background,18.237356,74.036418
SLD_10649,Background,18.843294,73.472054
SLD_10650,Background,16.031104,74.705849
SLD_10651,Background,12.200361,76.061152
SLD_10652,Background,8.956177,76.827142
SLD_10653,Background,13.108257,75.195376
SLD_10654,Background,12.558311,76.360292
SLD_10655,Background,17.447493,74.162618
SLD_10656,Background,18.722815,72.889712
SLD_10657,Background,18.411864,73.494001
SLD_10658,Background,8.479204,76.978713
SLD_10659,Background,13.076405,74.959369
SLD_10660,Background,14.258929,75.032441
SLD_10661,Background,12.315572,76.263425
SLD_10662,Background,15.333135,74.651807
SLD_10663,Background,16.42622,74.303418
SLD_10664,Background,10.422019,77.116667
SLD_10665,Background,9.269547,77.780863
SLD_10666,Background,14.616267,74.330476
SLD_10667,Background,18.674287,73.263936
SLD_10668,Background,11.589174,76.862714
SLD_10669,Background,12.708356,74.911392
SLD_10670,Background,16.138481,73.883921
SLD_10671,Background,17.806984,73.263035
SLD_10672,Background,11.574892,76.621716
SLD_10673,Background,17.123842,73.388815
SLD_10674,Background,10.821494,76.018845
SLD_10675,Background,9.141048,76.912114
SLD_10676,Background,16.334507,74.20461
SLD_10677,Background,16.483149,73.583364
SLD_10678,Background,17.21806,73.818612
SLD_10679,Background,9.446516,76.859234
SLD_10680,Background,13.952221,74.76079
SLD_10681,Background,18.819697,73.33131
SLD_10682,Background,13.658796,75.007506
SLD_10683,Background,18.829671,73.658082
SLD_10684,Background,13.08164,75.343237
SLD_10685,Background,17.331379,73.382048
SLD_10686,Background,13.978474,74.732458
SLD_10687,Background,11.848729,76.193969
SLD_10688,Background,18.774653,73.623925
SLD_10689,Background,9.950689,77.526829
SLD_10690,Background,9.76851,76.42288
SLD_10691,Background,8.66031,77.022186
SLD_10692,Background,10.789517,75.972483
SLD_10693,Background,10.134904,77.703208
SLD_10694,Background,11.553606,76.291824
SLD_10695,Background,10.460602,77.198068
SLD_10696,Background,16.312623,73.577077
SLD_10697,Background,17.823906,73.553251
SLD_10698,Background,13.983316,75.346513
SLD_10699,Background,15.062803,75.05115
SLD_10700,Background,11.754322,75.962731
SLD_10701,Background,10.808391,77.241606
SLD_10702,Background,16.041944,73.636045
SLD_10703,Background,12.858637,75.48082
SLD_10704,Background,14.898676,75.073939
SLD_10705,Background,18.904814,73.496861
SLD_10706,Background,10.636176,76.351068
SLD_10707,Background,12.900503,75.313291
SLD_10708,Background,15.923625,74.591186
SLD_10709,Background,13.729353,74.887545
SLD_10710,Background,8.863163,76.809613
SLD_10711,Background,9.508921,77.014249
SLD_10712,Background,13.688313,74.833383
SLD_10713,Background,14.967591,75.205386
SLD_10714,Background,18.693329,73.105302
SLD_10715,Background,12.949823,75.984198
SLD_10716,Background,12.13611,76.348723
SLD_10717,Background,10.12479,77.427028
SLD_10718,Background,16.073797,73.874846
SLD_10719,Background,13.183768,75.05136
SLD_10720,Background,10.748177,76.771093
SLD_10721,Background,10.616135,76.366803
SLD_10722,Background,9.72755,77.196938
SLD_10723,Background,8.718047,77.653914
SLD_10724,Background,17.581525,73.754243
SLD_10725,Background,12.684726,76.070157
SLD_10726,Background,8.7189,76.767976
SLD_10727,Background,11.525882,76.731914
SLD_10728,Background,10.841239,77.409125
SLD_10729,Background,9.732805,77.479508
SLD_10730,Background,13.961127,75.322279
SLD_10731,Background,12.909793,76.241808
SLD_10732,Background,15.456058,74.344723
SLD_10733,Background,12.122377,76.755955
SLD_10734,Background,13.982419,74.657506
SLD_10735,Background,16.301263,73.45313
SLD_10736,Background,9.680897,77.513361
SLD_10737,Background,10.706417,76.655193
SLD_10738,Background,12.898101,75.70217
SLD_10739,Background,18.99275,73.560092
SLD_10740,Background,10.223511,76.597632
SLD_10741,Background,14.459365,74.797063
SLD_10742,Background,17.501855,73.845245
SLD_10743,Background,10.47325,77.580216
SLD_10744,Background,10.017082,77.349909
SLD_10745,Background,14.500466,74.490637
SLD_10746,Background,18.528219,72.914431
SLD_10747,Background,16.654518,74.247022
SLD_10748,Background,11.268472,77.065313
SLD_10749,Background,17.234806,73.910144
SLD_10750,Background,9.276436,77.636673
SLD_10751,Background,13.207699,75.46765
SLD_10752,Background,9.394711,76.515901
SLD_10753,Background,10.198131,76.643732
SLD_10754,Background,14.688218,74.425234
SLD_10755,Background,9.836119,77.243745
SLD_10756,Background,10.729473,77.313487
SLD_10757,Background,12.871738,75.524618
SLD_10758,Background,10.625844,76.587516
SLD_10759,Background,16.119802,74.603975
SLD_10760,Background,16.155813,74.30693
SLD_10761,Background,16.67492,73.656467
SLD_10762,Background,13.49835,75.541557
SLD_10763,Background,12.176438,76.393004
SLD_10764,Background,9.10926,77.313271
SLD_10765,Background,12.07632,76.051933
SLD_10766,Background,10.523839,77.807991
SLD_10767,Background,9.908009,76.914242
SLD_10768,Background,11.599906,76.51128
SLD_10769,Background,13.698682,74.662615
SLD_10770,Background,11.931026,76.644585
SLD_10771,Background,18.736048,72.966345
SLD_10772,Background,14.934736,74.430692
SLD_10773,Background,18.797209,73.201948
SLD_10774,Background,18.643439,73.362742
SLD_10775,Background,15.728372,74.379607
SLD_10776,Background,11.683898,75.746329
SLD_10777,Background,17.727256,74.073349
SLD_10778,Background,8.884335,77.483623
SLD_10779,Background,17.262272,73.60001
SLD_10780,Background,17.553608,73.898411
SLD_10781,Background,8.795781,77.264752
SLD_10782,Background,8.331246,77.424395
SLD_10783,Background,10.893101,77.314814
SLD_10784,Background,10.94355,76.808758
SLD_10785,Background,13.524926,75.425394
SLD_10786,Background,13.132521,75.046393
SLD_10787,Background,14.91587,74.289492
SLD_10788,Background,8.979454,76.904789
SLD_10789,Background,10.724818,77.362017
SLD_10790,Background,8.487705,77.164584
SLD_10791,Background,10.9329,76.477933
SLD_10792,Background,15.469957,74.407963
SLD_10793,Background,16.023186,74.002317
SLD_10794,Background,10.534061,76.188939
SLD_10795,Background,14.338434,74.451263
SLD_10796,Background,18.117615,73.855555
SLD_10797,Background,11.23114,76.391967
SLD_10798,Background,13.718516,75.791272
SLD_10799,Background,10.470014,76.621645
SLD_10800,Background,11.886807,76.823541
SLD_10801,Background,14.933077,75.065147
SLD_10802,Background,9.254014,77.611859
SLD_10803,Background,14.989131,74.865748
SLD_10804,Background,14.734427,74.445989
SLD_10805,Background,13.671389,75.424426
SLD_10806,Background,14.203687,74.794333
SLD_10807,Background,17.848992,73.118882
SLD_10808,Background,14.387752,74.748905
SLD_10809,Background,17.798354,73.992016
SLD_10810,Background,14.455727,75.156464
SLD_10811,Background,16.855319,73.562238
SLD_10812,Background,11.519482,75.640908
SLD_10813,Background,12.884208,75.566124
SLD_10814,Background,10.353175,77.686195
SLD_10815,Background,8.742319,77.462754
SLD_10816,Background,18.873074,72.91772
SLD_10817,Background,17.236338,74.231749
SLD_10818,Background,12.872477,75.236448
SLD_10819,Background,10.028574,76.574657
SLD_10820,Background,11.408213,76.902598
SLD_10821,Background,14.95861,75.32486
SLD_10822,Background,13.211081,75.317602
SLD_10823,Background,14.16326,74.604407
SLD_10824,Background,9.97958,76.604527
SLD_10825,Background,16.684762,74.071552
SLD_10826,Background,12.769072,76.088682
SLD_10827,Background,16.007782,73.752087
SLD_10828,Background,10.161395,77.324951
SLD_10829,Background,12.952442,76.014026
SLD_10830,Background,11.407443,76.430565
SLD_10831,Background,14.781876,74.608198
SLD_10832,Background,8.974055,76.600787
SLD_10833,Background,11.152529,76.216739
SLD_10834,Background,18.955372,73.311921
SLD_10835,Background,15.046238,74.003995
SLD_10836,Background,12.637742,76.03408
SLD_10837,Background,13.991596,74.681837
SLD_10838,Background,10.349347,76.837522
SLD_10839,Background,18.572607,73.907195
SLD_10840,Background,12.562278,76.000602
SLD_10841,Background,10.446276,76.643186
SLD_10842,Background,14.030297,75.697254
SLD_10843,Background,17.57795,74.065164
SLD_10844,Background,12.786875,75.73836
SLD_10845,Background,11.450917,76.154355
SLD_10846,Background,11.498386,76.860795
SLD_10847,Background,9.842828,77.027377
SLD_10848,Background,18.594887,73.903994
SLD_10849,Background,11.205662,75.953779
SLD_10850,Background,15.391575,74.189712
SLD_10851,Background,14.206621,74.981517
SLD_10852,Background,9.60639,76.703626
SLD_10853,Background,15.043335,74.053824
SLD_10854,Background,16.350758,73.785931
SLD_10855,Background,18.330686,73.731668
SLD_10856,Background,15.617216,74.606674
SLD_10857,Background,16.445418,73.514722
SLD_10858,Background,13.498028,74.873887
SLD_10859,Background,9.045147,77.385533
SLD_10860,Background,10.808763,76.275535
SLD_10861,Background,14.94036,74.539293
SLD_10862,Background,16.204952,74.569857
SLD_10863,Background,18.669583,73.542445
SLD_10864,Background,15.930783,73.725976
SLD_10865,Background,11.261748,75.930459
SLD_10866,Background,9.126756,77.544519
SLD_10867,Background,16.941384,73.864535
SLD_10868,Background,11.879524,76.23903
SLD_10869,Background,9.030547,77.301569
SLD_10870,Background,10.525965,77.386039
SLD_10871,Background,9.557236,76.924624
SLD_10872,Background,16.407807,74.190322
SLD_10873,Background,16.071163,74.632645
SLD_10874,Background,17.030244,73.512113
SLD_10875,Background,18.742195,73.906818
SLD_10876,Background,14.211243,75.195689
SLD_10877,Background,14.334193,75.45878
SLD_10878,Background,14.224025,75.293747
SLD_10879,Background,9.700046,76.469881
SLD_10880,Background,10.893042,77.596316
SLD_10881,Background,12.936123,74.984134
SLD_10882,Background,11.099948,75.92867
SLD_10883,Background,14.340317,75.126105
SLD_10884,Background,10.45152,76.941304
SLD_10885,Background,14.776685,75.27011
SLD_10886,Background,8.772271,76.803201
SLD_10887,Background,9.712779,77.149236
SLD_10888,Background,10.207474,77.843689
SLD_10889,Background,15.00083,75.335419
SLD_10890,Background,15.938193,73.962426
SLD_10891,Background,16.083706,74.67893
SLD_10892,Background,10.321647,76.428921
SLD_10893,Background,15.163194,75.17223
SLD_10894,Background,9.32089,76.821683
SLD_10895,Background,14.539705,75.212892
SLD_10896,Background,10.080391,76.539845
SLD_10897,Background,13.357035,75.150971
SLD_10898,Background,11.708071,76.083049
SLD_10899,Background,11.899879,76.614139
SLD_10900,Background,13.737059,74.886657
SLD_10901,Background,12.858019,75.193019
SLD_10902,Background,16.272771,74.11469
SLD_10903,Background,10.686087,76.82171
SLD_10904,Background,15.976404,74.226207
SLD_10905,Background,12.902745,76.169106
SLD_10906,Background,16.555506,74.458911
SLD_10907,Background,15.191062,74.183242
SLD_10908,Background,13.361318,74.828259
SLD_10909,Background,8.967423,77.107471
SLD_10910,Background,9.008543,77.312776
SLD_10911,Background,15.223879,74.355576
SLD_10912,Background,9.10478,77.65188
SLD_10913,Background,11.02179,76.736357
SLD_10914,Background,18.537607,73.706545
SLD_10915,Background,12.734987,75.797702
SLD_10916,Background,10.493633,77.428793
SLD_10917,Background,11.802524,75.488086
SLD_10918,Background,10.262639,77.089772
SLD_10919,Background,12.995702,75.237789
SLD_10920,Background,9.508352,76.671694
SLD_10921,Background,16.728518,74.315165
SLD_10922,Background,12.407536,76.559275
SLD_10923,Background,10.664089,76.113135
SLD_10924,Background,9.286292,76.475997
SLD_10925,Background,11.037593,77.343628
SLD_10926,Background,10.544611,77.517899
SLD_10927,Background,14.802486,74.30775
SLD_10928,Background,17.467338,73.814223
SLD_10929,Background,10.665162,76.785796
SLD_10930,Background,15.479086,74.559993
SLD_10931,Background,17.444121,73.597234
SLD_10932,Background,10.433769,77.190318
SLD_10933,Background,14.770607,74.750733
SLD_10934,Background,13.48895,74.878303
SLD_10935,Background,15.308864,73.916158
SLD_10936,Background,17.943705,73.712256
SLD_10937,Background,16.096257,73.580769
SLD_10938,Background,8.947126,76.795121
SLD_10939,Background,11.677457,76.050804
SLD_10940,Background,11.221452,76.696043
SLD_10941,Background,10.771733,76.584277
SLD_10942,Background,16.413198,74.11948
SLD_10943,Background,12.789223,75.870604
SLD_10944,Background,10.263314,77.592567
SLD_10945,Background,14.025407,75.368777
SLD_10946,Background,15.18625,74.807828
SLD_10947,Background,14.605051,74.908937
SLD_10948,Background,17.064242,73.906476
SLD_10949,Background,10.811573,77.080837
SLD_10950,Background,11.865836,75.573232
SLD_10951,Background,15.810519,74.048507
SLD_10952,Background,18.74604,73.993742
SLD_10953,Background,11.68322,75.649068
SLD_10954,Background,10.270998,77.332788
SLD_10955,Background,10.669642,77.55379
SLD_10956,Background,11.116075,77.31936
SLD_10957,Background,9.981115,76.729568
SLD_10958,Background,11.261668,77.259122
SLD_10959,Background,17.764729,73.541949
SLD_10960,Background,17.373723,73.516267
SLD_10961,Background,10.518476,76.740924
SLD_10962,Background,8.879406,77.508872
SLD_10963,Background,12.646771,74.998442
SLD_10964,Background,17.540419,73.155518
SLD_10965,Background,12.934992,75.604574
SLD_10966,Background,8.873735,77.100795
SLD_10967,Background,9.175876,77.507673
SLD_10968,Background,12.34946,76.049134
SLD_10969,Background,18.235608,73.29682
SLD_10970,Background,10.745475,77.587338
SLD_10971,Background,15.046953,74.166026
SLD_10972,Background,17.63217,73.422568
SLD_10973,Background,8.704764,77.270753
SLD_10974,Background,10.383873,76.557353
SLD_10975,Background,8.831695,77.584078
SLD_10976,Background,9.32761,76.496083
SLD_10977,Background,10.194663,77.748293
SLD_10978,Background,8.540838,76.98049
SLD_10979,Background,12.897169,75.07528
SLD_10980,Background,17.256511,73.957327
SLD_10981,Background,12.632081,76.351655
SLD_10982,Background,14.075394,74.861836
SLD_10983,Background,16.242349,73.994613
SLD_10984,Background,15.824152,74.787083
SLD_10985,Background,18.252637,73.622078
SLD_10986,Background,13.744311,74.773673
SLD_10987,Background,15.116165,74.611053
SLD_10988,Background,15.400592,74.005794
SLD_10989,Background,12.726988,76.377605
SLD_10990,Background,18.025077,73.928751
SLD_10991,Background,10.307571,77.913724
SLD_10992,Background,10.118533,77.179799
SLD_10993,Background,11.70686,76.512055
SLD_10994,Background,10.925719,76.534293
SLD_10995,Background,11.426476,76.860374
SLD_10996,Background,9.536617,76.501448
SLD_10997,Background,9.664169,76.998871
SLD_10998,Background,11.860917,76.899104
SLD_10999,Background,9.516738,76.602914
SLD_11000,Background,8.561542,77.179237
